site,url,field,key,value
https://reactome.org/,https://reactome.org/,meta,title,Home - Reactome Pathway Database
https://reactome.org/,https://reactome.org/,meta,description,"Reactome is pathway database which provides intuitive bioinformatics tools for the visualisation, interpretation and analysis of pathway knowledge."
https://reactome.org/,https://reactome.org/,meta,keywords,"pathway,reactions,graph,bioinformatics"
https://reactome.org/,https://reactome.org/,meta,h1,
https://reactome.org/,https://reactome.org/,meta,lang,en-gb
https://reactome.org/,https://reactome.org/,links,0.text,
https://reactome.org/,https://reactome.org/,links,0.url,https://reactome.org/
https://reactome.org/,https://reactome.org/,links,0.internal,True
https://reactome.org/,https://reactome.org/,links,1.text,What is Reactome ?
https://reactome.org/,https://reactome.org/,links,1.url,https://reactome.org/what-is-reactome
https://reactome.org/,https://reactome.org/,links,1.internal,True
https://reactome.org/,https://reactome.org/,links,2.text,News
https://reactome.org/,https://reactome.org/,links,2.url,https://reactome.org/about/news
https://reactome.org/,https://reactome.org/,links,2.internal,True
https://reactome.org/,https://reactome.org/,links,3.text,Team
https://reactome.org/,https://reactome.org/,links,3.url,https://reactome.org/about/team
https://reactome.org/,https://reactome.org/,links,3.internal,True
https://reactome.org/,https://reactome.org/,links,4.text,Scientific Advisory Board
https://reactome.org/,https://reactome.org/,links,4.url,https://reactome.org/sab
https://reactome.org/,https://reactome.org/,links,4.internal,True
https://reactome.org/,https://reactome.org/,links,5.text,Funding
https://reactome.org/,https://reactome.org/,links,5.url,https://reactome.org/about/funding
https://reactome.org/,https://reactome.org/,links,5.internal,True
https://reactome.org/,https://reactome.org/,links,6.text,Editorial Calendar
https://reactome.org/,https://reactome.org/,links,6.url,https://reactome.org/about/editorial-calendar
https://reactome.org/,https://reactome.org/,links,6.internal,True
https://reactome.org/,https://reactome.org/,links,7.text,Release Calendar
https://reactome.org/,https://reactome.org/,links,7.url,https://reactome.org/about/release-calendar
https://reactome.org/,https://reactome.org/,links,7.internal,True
https://reactome.org/,https://reactome.org/,links,8.text,Statistics
https://reactome.org/,https://reactome.org/,links,8.url,https://reactome.org/about/statistics
https://reactome.org/,https://reactome.org/,links,8.internal,True
https://reactome.org/,https://reactome.org/,links,9.text,Our Logo
https://reactome.org/,https://reactome.org/,links,9.url,https://reactome.org/about/logo
https://reactome.org/,https://reactome.org/,links,9.internal,True
https://reactome.org/,https://reactome.org/,links,10.text,License Agreement
https://reactome.org/,https://reactome.org/,links,10.url,https://reactome.org/license
https://reactome.org/,https://reactome.org/,links,10.internal,True
https://reactome.org/,https://reactome.org/,links,11.text,Privacy Notice
https://reactome.org/,https://reactome.org/,links,11.url,https://reactome.org/about/privacy-notice
https://reactome.org/,https://reactome.org/,links,11.internal,True
https://reactome.org/,https://reactome.org/,links,12.text,Disclaimer
https://reactome.org/,https://reactome.org/,links,12.url,https://reactome.org/about/disclaimer
https://reactome.org/,https://reactome.org/,links,12.internal,True
https://reactome.org/,https://reactome.org/,links,13.text,Digital Preservation
https://reactome.org/,https://reactome.org/,links,13.url,https://reactome.org/about/digital-preservation
https://reactome.org/,https://reactome.org/,links,13.internal,True
https://reactome.org/,https://reactome.org/,links,14.text,Contact us
https://reactome.org/,https://reactome.org/,links,14.url,https://reactome.org/about/contact-us
https://reactome.org/,https://reactome.org/,links,14.internal,True
https://reactome.org/,https://reactome.org/,links,15.text,Table of Contents
https://reactome.org/,https://reactome.org/,links,15.url,https://reactome.org/content/toc
https://reactome.org/,https://reactome.org/,links,15.internal,True
https://reactome.org/,https://reactome.org/,links,16.text,DOIs
https://reactome.org/,https://reactome.org/,links,16.url,https://reactome.org/content/doi
https://reactome.org/,https://reactome.org/,links,16.internal,True
https://reactome.org/,https://reactome.org/,links,17.text,Data Schema
https://reactome.org/,https://reactome.org/,links,17.url,https://reactome.org/content/schema
https://reactome.org/,https://reactome.org/,links,17.internal,True
https://reactome.org/,https://reactome.org/,links,18.text,Reactome Research Spotlight
https://reactome.org/,https://reactome.org/,links,18.url,https://reactome.org/content/reactome-research-spotlight
https://reactome.org/,https://reactome.org/,links,18.internal,True
https://reactome.org/,https://reactome.org/,links,19.text,ORCID Integration Project
https://reactome.org/,https://reactome.org/,links,19.url,https://reactome.org/orcid
https://reactome.org/,https://reactome.org/,links,19.internal,True
https://reactome.org/,https://reactome.org/,links,20.text,COVID-19 Disease Pathways
https://reactome.org/,https://reactome.org/,links,20.url,https://reactome.org/covid-19
https://reactome.org/,https://reactome.org/,links,20.internal,True
https://reactome.org/,https://reactome.org/,links,21.text,Docs
https://reactome.org/,https://reactome.org/,links,21.url,https://reactome.org/documentation
https://reactome.org/,https://reactome.org/,links,21.internal,True
https://reactome.org/,https://reactome.org/,links,22.text,Userguide
https://reactome.org/,https://reactome.org/,links,22.url,https://reactome.org/userguide
https://reactome.org/,https://reactome.org/,links,22.internal,True
https://reactome.org/,https://reactome.org/,links,23.text,Pathway Browser
https://reactome.org/,https://reactome.org/,links,23.url,https://reactome.org/userguide/pathway-browser
https://reactome.org/,https://reactome.org/,links,23.internal,True
https://reactome.org/,https://reactome.org/,links,24.text,How do I search ?
https://reactome.org/,https://reactome.org/,links,24.url,https://reactome.org/userguide/searching
https://reactome.org/,https://reactome.org/,links,24.internal,True
https://reactome.org/,https://reactome.org/,links,25.text,Details Panel
https://reactome.org/,https://reactome.org/,links,25.url,https://reactome.org/userguide/details-panel
https://reactome.org/,https://reactome.org/,links,25.internal,True
https://reactome.org/,https://reactome.org/,links,26.text,Analysis Tools
https://reactome.org/,https://reactome.org/,links,26.url,https://reactome.org/userguide/analysis
https://reactome.org/,https://reactome.org/,links,26.internal,True
https://reactome.org/,https://reactome.org/,links,27.text,Analysis Data
https://reactome.org/,https://reactome.org/,links,27.url,https://reactome.org/userguide/analysis#analysis
https://reactome.org/,https://reactome.org/,links,27.internal,True
https://reactome.org/,https://reactome.org/,links,28.text,Analysis Gene Expression
https://reactome.org/,https://reactome.org/,links,28.url,https://reactome.org/userguide/analysis/gsa
https://reactome.org/,https://reactome.org/,links,28.internal,True
https://reactome.org/,https://reactome.org/,links,29.text,Species Comparison
https://reactome.org/,https://reactome.org/,links,29.url,https://reactome.org/userguide/analysis#species
https://reactome.org/,https://reactome.org/,links,29.internal,True
https://reactome.org/,https://reactome.org/,links,30.text,Tissue Distribution
https://reactome.org/,https://reactome.org/,links,30.url,https://reactome.org/userguide/analysis#tissue
https://reactome.org/,https://reactome.org/,links,30.internal,True
https://reactome.org/,https://reactome.org/,links,31.text,Diseases
https://reactome.org/,https://reactome.org/,links,31.url,https://reactome.org/userguide/diseases
https://reactome.org/,https://reactome.org/,links,31.internal,True
https://reactome.org/,https://reactome.org/,links,32.text,Cytomics
https://reactome.org/,https://reactome.org/,links,32.url,https://reactome.org/userguide/cytomics
https://reactome.org/,https://reactome.org/,links,32.internal,True
https://reactome.org/,https://reactome.org/,links,33.text,Review Status of Reactome Events
https://reactome.org/,https://reactome.org/,links,33.url,https://reactome.org/userguide/review-status
https://reactome.org/,https://reactome.org/,links,33.internal,True
https://reactome.org/,https://reactome.org/,links,34.text,ReactomeFIViz
https://reactome.org/,https://reactome.org/,links,34.url,https://reactome.org/userguide/reactome-fiviz
https://reactome.org/,https://reactome.org/,links,34.internal,True
https://reactome.org/,https://reactome.org/,links,35.text,Developer's Zone
https://reactome.org/,https://reactome.org/,links,35.url,https://reactome.org/dev
https://reactome.org/,https://reactome.org/,links,35.internal,True
https://reactome.org/,https://reactome.org/,links,36.text,Graph Database
https://reactome.org/,https://reactome.org/,links,36.url,https://reactome.org/dev/graph-database
https://reactome.org/,https://reactome.org/,links,36.internal,True
https://reactome.org/,https://reactome.org/,links,37.text,Analysis Service
https://reactome.org/,https://reactome.org/,links,37.url,https://reactome.org/dev/analysis
https://reactome.org/,https://reactome.org/,links,37.internal,True
https://reactome.org/,https://reactome.org/,links,38.text,Content Service
https://reactome.org/,https://reactome.org/,links,38.url,https://reactome.org/dev/content-service
https://reactome.org/,https://reactome.org/,links,38.internal,True
https://reactome.org/,https://reactome.org/,links,39.text,Pathways Overview
https://reactome.org/,https://reactome.org/,links,39.url,https://reactome.org/dev/pathways-overview
https://reactome.org/,https://reactome.org/,links,39.internal,True
https://reactome.org/,https://reactome.org/,links,40.text,Pathway Diagrams
https://reactome.org/,https://reactome.org/,links,40.url,https://reactome.org/dev/diagram
https://reactome.org/,https://reactome.org/,links,40.internal,True
https://reactome.org/,https://reactome.org/,links,41.text,Icon Info
https://reactome.org/,https://reactome.org/,links,41.url,https://reactome.org/icon-info
https://reactome.org/,https://reactome.org/,links,41.internal,True
https://reactome.org/,https://reactome.org/,links,42.text,EHLD Specs & Guidelines
https://reactome.org/,https://reactome.org/,links,42.url,https://reactome.org/icon-info/ehld-specs-guideline
https://reactome.org/,https://reactome.org/,links,42.internal,True
https://reactome.org/,https://reactome.org/,links,43.text,Icon Library Guidelines
https://reactome.org/,https://reactome.org/,links,43.url,https://reactome.org/icon-info/icons-guidelines
https://reactome.org/,https://reactome.org/,links,43.internal,True
https://reactome.org/,https://reactome.org/,links,44.text,Data Model
https://reactome.org/,https://reactome.org/,links,44.url,https://reactome.org/documentation/data-model
https://reactome.org/,https://reactome.org/,links,44.internal,True
https://reactome.org/,https://reactome.org/,links,45.text,Curator Guide
https://reactome.org/,https://reactome.org/,links,45.url,https://reactome.org/documentation/curator-guide
https://reactome.org/,https://reactome.org/,links,45.internal,True
https://reactome.org/,https://reactome.org/,links,46.text,Release Documentation
https://reactome.org/,https://reactome.org/,links,46.url,https://reactome.org/documentation/release-documentation
https://reactome.org/,https://reactome.org/,links,46.internal,True
https://reactome.org/,https://reactome.org/,links,47.text,Computationally inferred events
https://reactome.org/,https://reactome.org/,links,47.url,https://reactome.org/documentation/inferred-events
https://reactome.org/,https://reactome.org/,links,47.internal,True
https://reactome.org/,https://reactome.org/,links,48.text,FAQ
https://reactome.org/,https://reactome.org/,links,48.url,https://reactome.org/documentation/faq
https://reactome.org/,https://reactome.org/,links,48.internal,True
https://reactome.org/,https://reactome.org/,links,49.text,Linking to Us
https://reactome.org/,https://reactome.org/,links,49.url,https://reactome.org/linking-to-us
https://reactome.org/,https://reactome.org/,links,49.internal,True
https://reactome.org/,https://reactome.org/,links,50.text,Citing us
https://reactome.org/,https://reactome.org/,links,50.url,https://reactome.org/cite
https://reactome.org/,https://reactome.org/,links,50.internal,True
https://reactome.org/,https://reactome.org/,links,51.text,Pathway Browser
https://reactome.org/,https://reactome.org/,links,51.url,https://reactome.org/PathwayBrowser
https://reactome.org/,https://reactome.org/,links,51.internal,True
https://reactome.org/,https://reactome.org/,links,52.text,Analyse gene list
https://reactome.org/,https://reactome.org/,links,52.url,https://reactome.org/PathwayBrowser/#TOOL=AT
https://reactome.org/,https://reactome.org/,links,52.internal,True
https://reactome.org/,https://reactome.org/,links,53.text,Analyse gene expression
https://reactome.org/,https://reactome.org/,links,53.url,https://reactome.org/gsa/home
https://reactome.org/,https://reactome.org/,links,53.internal,True
https://reactome.org/,https://reactome.org/,links,54.text,Analysis Service
https://reactome.org/,https://reactome.org/,links,54.url,https://reactome.org/AnalysisService
https://reactome.org/,https://reactome.org/,links,54.internal,True
https://reactome.org/,https://reactome.org/,links,55.text,Content Service
https://reactome.org/,https://reactome.org/,links,55.url,https://reactome.org/ContentService
https://reactome.org/,https://reactome.org/,links,55.internal,True
https://reactome.org/,https://reactome.org/,links,56.text,ReactomeFIViz
https://reactome.org/,https://reactome.org/,links,56.url,https://reactome.org/tools/reactome-fiviz
https://reactome.org/,https://reactome.org/,links,56.internal,True
https://reactome.org/,https://reactome.org/,links,57.text,Advanced Data Search
https://reactome.org/,https://reactome.org/,links,57.url,https://reactome.org/content/advanced
https://reactome.org/,https://reactome.org/,links,57.internal,True
https://reactome.org/,https://reactome.org/,links,58.text,Site Search
https://reactome.org/,https://reactome.org/,links,58.url,https://reactome.org/tools/site-search
https://reactome.org/,https://reactome.org/,links,58.internal,True
https://reactome.org/,https://reactome.org/,links,59.text,Community
https://reactome.org/,https://reactome.org/,links,59.url,https://reactome.org/community
https://reactome.org/,https://reactome.org/,links,59.internal,True
https://reactome.org/,https://reactome.org/,links,60.text,Contribute Pathway Knowledge
https://reactome.org/,https://reactome.org/,links,60.url,https://reactome.org/community/collaboration
https://reactome.org/,https://reactome.org/,links,60.internal,True
https://reactome.org/,https://reactome.org/,links,61.text,Icon Library
https://reactome.org/,https://reactome.org/,links,61.url,https://reactome.org/icon-lib
https://reactome.org/,https://reactome.org/,links,61.internal,True
https://reactome.org/,https://reactome.org/,links,62.text,Outreach
https://reactome.org/,https://reactome.org/,links,62.url,https://reactome.org/community/outreach
https://reactome.org/,https://reactome.org/,links,62.internal,True
https://reactome.org/,https://reactome.org/,links,63.text,Events
https://reactome.org/,https://reactome.org/,links,63.url,https://reactome.org/community/events
https://reactome.org/,https://reactome.org/,links,63.internal,True
https://reactome.org/,https://reactome.org/,links,64.text,Publications
https://reactome.org/,https://reactome.org/,links,64.url,https://reactome.org/community/publications
https://reactome.org/,https://reactome.org/,links,64.internal,True
https://reactome.org/,https://reactome.org/,links,65.text,Partners
https://reactome.org/,https://reactome.org/,links,65.url,https://reactome.org/community/partners
https://reactome.org/,https://reactome.org/,links,65.internal,True
https://reactome.org/,https://reactome.org/,links,66.text,Contributors
https://reactome.org/,https://reactome.org/,links,66.url,https://reactome.org/content/contributors
https://reactome.org/,https://reactome.org/,links,66.internal,True
https://reactome.org/,https://reactome.org/,links,67.text,Resources Guide
https://reactome.org/,https://reactome.org/,links,67.url,https://reactome.org/community/resources
https://reactome.org/,https://reactome.org/,links,67.internal,True
https://reactome.org/,https://reactome.org/,links,68.text,Download
https://reactome.org/,https://reactome.org/,links,68.url,https://reactome.org/download-data
https://reactome.org/,https://reactome.org/,links,68.internal,True
https://reactome.org/,https://reactome.org/,links,69.text,Release Notes
https://reactome.org/,https://reactome.org/,links,69.url,https://reactome.org/about/news/280-reactome-pathway-browser-new-beta-release
https://reactome.org/,https://reactome.org/,links,69.internal,True
https://reactome.org/,https://reactome.org/,links,70.text,feedback
https://reactome.org/,https://reactome.org/,links,70.url,https://forms.gle/TPBxaWnnVLLZj66p8
https://reactome.org/,https://reactome.org/,links,70.internal,False
https://reactome.org/,https://reactome.org/,links,71.text,
https://reactome.org/,https://reactome.org/,links,71.url,https://reactome.org/beta/PathwayBrowser/
https://reactome.org/,https://reactome.org/,links,71.internal,True
https://reactome.org/,https://reactome.org/,links,72.text,
https://reactome.org/,https://reactome.org/,links,72.url,https://reactome.org/chat
https://reactome.org/,https://reactome.org/,links,72.internal,True
https://reactome.org/,https://reactome.org/,links,73.text,Ten common mistakes that could ruin your enrichment analysis
https://reactome.org/,https://reactome.org/,links,73.url,https://journals.plos.org/ploscompbiol/article?id=10.1371/journal.pcbi.1014122
https://reactome.org/,https://reactome.org/,links,73.internal,False
https://reactome.org/,https://reactome.org/,links,74.text,
https://reactome.org/,https://reactome.org/,links,74.url,http://www.ebi.ac.uk/
https://reactome.org/,https://reactome.org/,links,74.internal,False
https://reactome.org/,https://reactome.org/,links,75.text,
https://reactome.org/,https://reactome.org/,links,75.url,https://med.nyu.edu/
https://reactome.org/,https://reactome.org/,links,75.internal,False
https://reactome.org/,https://reactome.org/,links,76.text,
https://reactome.org/,https://reactome.org/,links,76.url,http://www.ohsu.edu/
https://reactome.org/,https://reactome.org/,links,76.internal,False
https://reactome.org/,https://reactome.org/,links,77.text,
https://reactome.org/,https://reactome.org/,links,77.url,https://oicr.on.ca/
https://reactome.org/,https://reactome.org/,links,77.internal,False
https://reactome.org/,https://reactome.org/,links,78.text,V97 Released
https://reactome.org/,https://reactome.org/,links,78.url,https://reactome.org/about/news/295-v97-released
https://reactome.org/,https://reactome.org/,links,78.internal,True
https://reactome.org/,https://reactome.org/,links,79.text,V96 Released
https://reactome.org/,https://reactome.org/,links,79.url,https://reactome.org/about/news/291-v96-released
https://reactome.org/,https://reactome.org/,links,79.internal,True
https://reactome.org/,https://reactome.org/,links,80.text,Reactome Releases Two New AI-Focused Preprints
https://reactome.org/,https://reactome.org/,links,80.url,https://reactome.org/about/news/288-reactome-releases-two-new-ai-focused-preprints
https://reactome.org/,https://reactome.org/,links,80.internal,True
https://reactome.org/,https://reactome.org/,links,81.text,New Publication in NAR 2026:
https://reactome.org/,https://reactome.org/,links,81.url,https://reactome.org/about/news/286-new-publication-in-nar-2026
https://reactome.org/,https://reactome.org/,links,81.internal,True
https://reactome.org/,https://reactome.org/,links,82.text,V95 Released
https://reactome.org/,https://reactome.org/,links,82.url,https://reactome.org/about/news/284-v95-released
https://reactome.org/,https://reactome.org/,links,82.internal,True
https://reactome.org/,https://reactome.org/,links,83.text,V94 Released
https://reactome.org/,https://reactome.org/,links,83.url,https://reactome.org/about/news/279-v94-released
https://reactome.org/,https://reactome.org/,links,83.internal,True
https://reactome.org/,https://reactome.org/,links,84.text,V93 Released
https://reactome.org/,https://reactome.org/,links,84.url,https://reactome.org/about/news/275-v93-released
https://reactome.org/,https://reactome.org/,links,84.internal,True
https://reactome.org/,https://reactome.org/,links,85.text,
https://reactome.org/,https://reactome.org/,links,85.url,https://reactome.org/cdn-cgi/l/email-protection#5b333e372b1b293e3a382f34363e7534293c
https://reactome.org/,https://reactome.org/,links,85.internal,True
https://reactome.org/,https://reactome.org/,links,86.text,Contact Us
https://reactome.org/,https://reactome.org/,links,86.url,https://reactome.org/cdn-cgi/l/email-protection#fc9499908cbc8e999d9f88939199d2938e9b
https://reactome.org/,https://reactome.org/,links,86.internal,True
https://reactome.org/,https://reactome.org/,links,87.text,Reactome
https://reactome.org/,https://reactome.org/,links,87.url,https://reactome.org
https://reactome.org/,https://reactome.org/,links,87.internal,True
https://reactome.org/,https://reactome.org/,links,88.text,
https://reactome.org/,https://reactome.org/,links,88.url,https://twitter.com/intent/user?screen_name=reactome
https://reactome.org/,https://reactome.org/,links,88.internal,False
https://reactome.org/,https://reactome.org/,links,89.text,
https://reactome.org/,https://reactome.org/,links,89.url,https://www.facebook.com/reactome
https://reactome.org/,https://reactome.org/,links,89.internal,False
https://reactome.org/,https://reactome.org/,links,90.text,
https://reactome.org/,https://reactome.org/,links,90.url,https://www.youtube.com/@Reactome
https://reactome.org/,https://reactome.org/,links,90.internal,False
https://reactome.org/,https://reactome.org/,links,91.text,OICR
https://reactome.org/,https://reactome.org/,links,91.url,http://oicr.on.ca/
https://reactome.org/,https://reactome.org/,links,91.internal,False
https://reactome.org/,https://reactome.org/,links,92.text,NYU Langone Health
https://reactome.org/,https://reactome.org/,links,92.url,https://nyulangone.org/
https://reactome.org/,https://reactome.org/,links,92.internal,False
https://reactome.org/,https://reactome.org/,links,93.text,EMBL-EBI
https://reactome.org/,https://reactome.org/,links,93.url,http://www.ebi.ac.uk/
https://reactome.org/,https://reactome.org/,links,93.internal,False
https://reactome.org/,https://reactome.org/,links,94.text,OHSU
https://reactome.org/,https://reactome.org/,links,94.url,http://www.ohsu.edu/
https://reactome.org/,https://reactome.org/,links,94.internal,False
https://reactome.org/,https://reactome.org/,links,95.text,classical intermediary metabolism
https://reactome.org/,https://reactome.org/,links,95.url,https://reactome.org/PathwayBrowser/#/R-HSA-1430728
https://reactome.org/,https://reactome.org/,links,95.internal,True
https://reactome.org/,https://reactome.org/,links,96.text,signaling
https://reactome.org/,https://reactome.org/,links,96.url,https://reactome.org/PathwayBrowser/#/R-HSA-162582
https://reactome.org/,https://reactome.org/,links,96.internal,True
https://reactome.org/,https://reactome.org/,links,97.text,transcriptional regulation
https://reactome.org/,https://reactome.org/,links,97.url,https://reactome.org/PathwayBrowser/#/R-HSA-74160
https://reactome.org/,https://reactome.org/,links,97.internal,True
https://reactome.org/,https://reactome.org/,links,98.text,apoptosis
https://reactome.org/,https://reactome.org/,links,98.url,https://reactome.org/PathwayBrowser/#/R-HSA-109581&PATH=R-HSA-5357801
https://reactome.org/,https://reactome.org/,links,98.internal,True
https://reactome.org/,https://reactome.org/,links,99.text,disease
https://reactome.org/,https://reactome.org/,links,99.url,https://reactome.org/PathwayBrowser/#/R-HSA-1643685
https://reactome.org/,https://reactome.org/,links,99.internal,True
https://reactome.org/,https://reactome.org/,links,100.text,data visualization
https://reactome.org/,https://reactome.org/,links,100.url,https://reactome.org/PathwayBrowser/
https://reactome.org/,https://reactome.org/,links,100.internal,True
https://reactome.org/,https://reactome.org/,links,101.text,integration
https://reactome.org/,https://reactome.org/,links,101.url,https://reactome.org/dev/
https://reactome.org/,https://reactome.org/,links,101.internal,True
https://reactome.org/,https://reactome.org/,links,102.text,Neo4j GraphDB
https://reactome.org/,https://reactome.org/,links,102.url,http://neo4j.com/
https://reactome.org/,https://reactome.org/,links,102.internal,False
https://reactome.org/,https://reactome.org/,links,103.text,MySQL
https://reactome.org/,https://reactome.org/,links,103.url,http://www.mysql.com/
https://reactome.org/,https://reactome.org/,links,103.internal,False
https://reactome.org/,https://reactome.org/,links,104.text,BioPAX
https://reactome.org/,https://reactome.org/,links,104.url,http://www.biopax.org/
https://reactome.org/,https://reactome.org/,links,104.internal,False
https://reactome.org/,https://reactome.org/,links,105.text,SBML
https://reactome.org/,https://reactome.org/,links,105.url,https://synonym.caltech.edu
https://reactome.org/,https://reactome.org/,links,105.internal,False
https://reactome.org/,https://reactome.org/,links,106.text,PSI-MITAB
https://reactome.org/,https://reactome.org/,links,106.url,https://github.com/HUPO-PSI/miTab/blob/master/PSI-MITAB27Format.md
https://reactome.org/,https://reactome.org/,links,106.internal,False
https://reactome.org/,https://reactome.org/,links,107.text,Introduction to Reactome
https://reactome.org/,https://reactome.org/,links,107.url,https://youtu.be/cA7lQACsgZk
https://reactome.org/,https://reactome.org/,links,107.internal,False
https://reactome.org/,https://reactome.org/,social_links,0,https://twitter.com/intent/user
https://reactome.org/,https://reactome.org/,social_links,1,https://www.facebook.com/reactome
https://reactome.org/,https://reactome.org/,social_links,2,https://www.youtube.com/@Reactome
https://reactome.org/,https://reactome.org/,social_links,3,https://github.com/HUPO-PSI/miTab/blob/master/PSI-MITAB27Format.md
https://reactome.org/,https://reactome.org/,headings,0.level,h2
https://reactome.org/,https://reactome.org/,headings,0.text,Pathway Browser
https://reactome.org/,https://reactome.org/,headings,1.level,h2
https://reactome.org/,https://reactome.org/,headings,1.text,Analysis Tools
https://reactome.org/,https://reactome.org/,headings,2.level,h2
https://reactome.org/,https://reactome.org/,headings,2.text,AI Chatbot
https://reactome.org/,https://reactome.org/,headings,3.level,h2
https://reactome.org/,https://reactome.org/,headings,3.text,ReactomeFIViz
https://reactome.org/,https://reactome.org/,headings,4.level,h2
https://reactome.org/,https://reactome.org/,headings,4.text,Documentation
https://reactome.org/,https://reactome.org/,headings,5.level,h2
https://reactome.org/,https://reactome.org/,headings,5.text,Use Reactome!
https://reactome.org/,https://reactome.org/,headings,6.level,h2
https://reactome.org/,https://reactome.org/,headings,6.text,For Developers
https://reactome.org/,https://reactome.org/,headings,7.level,h2
https://reactome.org/,https://reactome.org/,headings,7.text,Citing us
https://reactome.org/,https://reactome.org/,headings,8.level,h2
https://reactome.org/,https://reactome.org/,headings,8.text,Contact Us
https://reactome.org/,https://reactome.org/,headings,9.level,h2
https://reactome.org/,https://reactome.org/,headings,9.text,Content Service
https://reactome.org/,https://reactome.org/,headings,10.level,h2
https://reactome.org/,https://reactome.org/,headings,10.text,Analysis Service
https://reactome.org/,https://reactome.org/,headings,11.level,h2
https://reactome.org/,https://reactome.org/,headings,11.text,Icon Library
https://reactome.org/,https://reactome.org/,headings,12.level,h2
https://reactome.org/,https://reactome.org/,headings,12.text,Graph Database
https://reactome.org/,https://reactome.org/,headings,13.level,h3
https://reactome.org/,https://reactome.org/,headings,13.text,"Find Reactions, Proteins and Pathways"
https://reactome.org/,https://reactome.org/,headings,14.level,h3
https://reactome.org/,https://reactome.org/,headings,14.text,Reactome Research Spotlight
https://reactome.org/,https://reactome.org/,headings,15.level,h3
https://reactome.org/,https://reactome.org/,headings,15.text,Why Reactome
https://reactome.org/,https://reactome.org/,headings,16.level,h3
https://reactome.org/,https://reactome.org/,headings,16.text,Latest News
https://reactome.org/,https://reactome.org/,headings,17.level,h3
https://reactome.org/,https://reactome.org/,headings,17.text,"Version 97 released on June 30, 2026"
https://reactome.org/,https://reactome.org/,headings,18.level,h3
https://reactome.org/,https://reactome.org/,headings,18.text,Do you need help ?
https://reactome.org/,https://reactome.org/,headings,19.level,h3
https://reactome.org/,https://reactome.org/,headings,19.text,API and Data access
https://reactome.org/,https://reactome.org/,headings,20.level,h4
https://reactome.org/,https://reactome.org/,headings,20.text,Cite Us!
https://reactome.org/,https://reactome.org/,headings,21.level,h2
https://reactome.org/,https://reactome.org/,headings,21.text,What is Reactome ?
https://reactome.org/,https://reactome.org/,headings,22.level,h3
https://reactome.org/,https://reactome.org/,headings,22.text,Mission Statement
https://reactome.org/,https://reactome.org/,headings,23.level,h3
https://reactome.org/,https://reactome.org/,headings,23.text,The Reactome Project
https://reactome.org/,https://reactome.org/,headings,24.level,h3
https://reactome.org/,https://reactome.org/,headings,24.text,For more information:
https://reactome.org/,https://reactome.org/,query_matches,0.match,Contact us
https://reactome.org/,https://reactome.org/,query_matches,0.terms,"[""contact""]"
https://reactome.org/,https://reactome.org/,query_matches,1.match,Contact Us
https://reactome.org/,https://reactome.org/,query_matches,1.terms,"[""contact""]"
https://reactome.org/,https://reactome.org/,query_matches,2.match,classical intermediary metabolism
https://reactome.org/,https://reactome.org/,query_matches,2.terms,"[""media""]"
https://reactome.org/,https://reactome.org/,query_matches,3.match,"If you have any feedback or questions, please contact us at the Reactome"
https://reactome.org/,https://reactome.org/,query_matches,3.terms,"[""contact""]"
https://string-db.org/,https://string-db.org/,meta,title,STRING: functional protein association networks
https://string-db.org/,https://string-db.org/,meta,description,STRING is a database of known and predicted protein-protein interactions and a functional enrichment tool.
https://string-db.org/,https://string-db.org/,meta,h1,Welcome to STRING
https://string-db.org/,https://string-db.org/,meta,lang,en
https://string-db.org/,https://string-db.org/,links,0.text,Explore STRING v12.5 →
https://string-db.org/,https://string-db.org/,links,0.url,https://preview.string-db.org/cgi/input?input_page_show_search=off
https://string-db.org/,https://string-db.org/,links,0.internal,False
https://string-db.org/,https://string-db.org/,links,1.text,12.0
https://string-db.org/,https://string-db.org/,links,1.url,https://string-db.org/cgi/access?sessionId=bsvHcHHs7bIK&footer_active_subpage=archive
https://string-db.org/,https://string-db.org/,links,1.internal,True
https://string-db.org/,https://string-db.org/,links,2.text,Login
https://string-db.org/,https://string-db.org/,links,2.url,https://string-db.eu.auth0.com/authorize?client_id=V6E4n1vLLdhvu4HEvX1OBkrRDrLj5YLZ&response_type=code&redirect_uri=https%3A//string-db.org/cgi/login%3Fscript_name%3Dinput
https://string-db.org/,https://string-db.org/,links,2.internal,False
https://string-db.org/,https://string-db.org/,links,3.text,Register
https://string-db.org/,https://string-db.org/,links,3.url,https://string-db.org/cgi/register?sessionId=bsvHcHHs7bIK
https://string-db.org/,https://string-db.org/,links,3.internal,True
https://string-db.org/,https://string-db.org/,links,4.text,Survey
https://string-db.org/,https://string-db.org/,links,4.url,https://forms.gle/hJ1Guc6N6MLU8Xgk8
https://string-db.org/,https://string-db.org/,links,4.internal,False
https://string-db.org/,https://string-db.org/,links,5.text,STRING
https://string-db.org/,https://string-db.org/,links,5.url,https://string-db.org/cgi/input?sessionId=bsvHcHHs7bIK&input_page_show_search=on
https://string-db.org/,https://string-db.org/,links,5.internal,True
https://string-db.org/,https://string-db.org/,links,6.text,Download
https://string-db.org/,https://string-db.org/,links,6.url,https://string-db.org/cgi/download?sessionId=bsvHcHHs7bIK
https://string-db.org/,https://string-db.org/,links,6.internal,True
https://string-db.org/,https://string-db.org/,links,7.text,Help
https://string-db.org/,https://string-db.org/,links,7.url,https://string-db.org/cgi/help?sessionId=bsvHcHHs7bIK
https://string-db.org/,https://string-db.org/,links,7.internal,True
https://string-db.org/,https://string-db.org/,links,8.text,My Data
https://string-db.org/,https://string-db.org/,links,8.url,https://string-db.org/cgi/my?sessionId=bsvHcHHs7bIK
https://string-db.org/,https://string-db.org/,links,8.internal,True
https://string-db.org/,https://string-db.org/,links,9.text,Search
https://string-db.org/,https://string-db.org/,links,9.url,https://string-db.org/cgi/input?input_page_show_search=on&sessionId=bsvHcHHs7bIK
https://string-db.org/,https://string-db.org/,links,9.internal,True
https://string-db.org/,https://string-db.org/,links,10.text,Protein by name
https://string-db.org/,https://string-db.org/,links,10.url,https://string-db.org/cgi/input?sessionId=bsvHcHHs7bIK&input_page_active_form=single_identifier
https://string-db.org/,https://string-db.org/,links,10.internal,True
https://string-db.org/,https://string-db.org/,links,11.text,Multiple proteins
https://string-db.org/,https://string-db.org/,links,11.url,https://string-db.org/cgi/input?sessionId=bsvHcHHs7bIK&input_page_active_form=multiple_identifiers
https://string-db.org/,https://string-db.org/,links,11.internal,True
https://string-db.org/,https://string-db.org/,links,12.text,Proteins by sequences
https://string-db.org/,https://string-db.org/,links,12.url,https://string-db.org/cgi/input?sessionId=bsvHcHHs7bIK&input_page_active_form=multiple_sequences
https://string-db.org/,https://string-db.org/,links,12.internal,True
https://string-db.org/,https://string-db.org/,links,13.text,Proteins with Values/Ranks
https://string-db.org/,https://string-db.org/,links,13.url,https://string-db.org/cgi/input?sessionId=bsvHcHHs7bIK&input_page_active_form=proteins_with_values
https://string-db.org/,https://string-db.org/,links,13.internal,True
https://string-db.org/,https://string-db.org/,links,14.text,"Protein families (""COGs"")"
https://string-db.org/,https://string-db.org/,links,14.url,https://string-db.org/cgi/input?sessionId=bsvHcHHs7bIK&input_page_active_form=COG_family_identifier
https://string-db.org/,https://string-db.org/,links,14.internal,True
https://string-db.org/,https://string-db.org/,links,15.text,... by protein name
https://string-db.org/,https://string-db.org/,links,15.url,https://string-db.org/cgi/input?sessionId=bsvHcHHs7bIK&input_page_active_form=COG_single_identifier
https://string-db.org/,https://string-db.org/,links,15.internal,True
https://string-db.org/,https://string-db.org/,links,16.text,... by protein sequence
https://string-db.org/,https://string-db.org/,links,16.url,https://string-db.org/cgi/input?sessionId=bsvHcHHs7bIK&input_page_active_form=COG_single_sequence
https://string-db.org/,https://string-db.org/,links,16.internal,True
https://string-db.org/,https://string-db.org/,links,17.text,... multiple protein names
https://string-db.org/,https://string-db.org/,links,17.url,https://string-db.org/cgi/input?sessionId=bsvHcHHs7bIK&input_page_active_form=COG_multiple_identifiers
https://string-db.org/,https://string-db.org/,links,17.internal,True
https://string-db.org/,https://string-db.org/,links,18.text,... multiple sequences
https://string-db.org/,https://string-db.org/,links,18.url,https://string-db.org/cgi/input?sessionId=bsvHcHHs7bIK&input_page_active_form=COG_multiple_sequences
https://string-db.org/,https://string-db.org/,links,18.internal,True
https://string-db.org/,https://string-db.org/,links,19.text,Pathway / Process / Disease
https://string-db.org/,https://string-db.org/,links,19.url,https://string-db.org/cgi/input?sessionId=bsvHcHHs7bIK&input_page_active_form=single_term
https://string-db.org/,https://string-db.org/,links,19.internal,True
https://string-db.org/,https://string-db.org/,links,20.text,Add organism
https://string-db.org/,https://string-db.org/,links,20.url,https://string-db.org/cgi/input?sessionId=bsvHcHHs7bIK&input_page_active_form=annot_proteome
https://string-db.org/,https://string-db.org/,links,20.internal,True
https://string-db.org/,https://string-db.org/,links,21.text,Organisms
https://string-db.org/,https://string-db.org/,links,21.url,https://string-db.org/cgi/input?sessionId=bsvHcHHs7bIK&input_page_active_form=organisms
https://string-db.org/,https://string-db.org/,links,21.internal,True
https://string-db.org/,https://string-db.org/,links,22.text,Examples
https://string-db.org/,https://string-db.org/,links,22.url,https://string-db.org/cgi/input?sessionId=bsvHcHHs7bIK&input_page_active_form=examples
https://string-db.org/,https://string-db.org/,links,22.internal,True
https://string-db.org/,https://string-db.org/,links,23.text,SIB - Swiss Institute of Bioinformatics
https://string-db.org/,https://string-db.org/,links,23.url,https://www.isb-sib.ch/
https://string-db.org/,https://string-db.org/,links,23.internal,False
https://string-db.org/,https://string-db.org/,links,24.text,CPR - Novo Nordisk Foundation Center Protein Research
https://string-db.org/,https://string-db.org/,links,24.url,https://www.cpr.ku.dk/
https://string-db.org/,https://string-db.org/,links,24.internal,False
https://string-db.org/,https://string-db.org/,links,25.text,EMBL - European Molecular Biology Laboratory
https://string-db.org/,https://string-db.org/,links,25.url,https://www.embl.de/
https://string-db.org/,https://string-db.org/,links,25.internal,False
https://string-db.org/,https://string-db.org/,links,26.text,Credits
https://string-db.org/,https://string-db.org/,links,26.url,https://string-db.org/cgi/credits
https://string-db.org/,https://string-db.org/,links,26.internal,True
https://string-db.org/,https://string-db.org/,links,27.text,Funding
https://string-db.org/,https://string-db.org/,links,27.url,https://string-db.org/cgi/credits?footer_active_subpage=funding
https://string-db.org/,https://string-db.org/,links,27.internal,True
https://string-db.org/,https://string-db.org/,links,28.text,Datasources
https://string-db.org/,https://string-db.org/,links,28.url,https://string-db.org/cgi/credits?footer_active_subpage=datasources
https://string-db.org/,https://string-db.org/,links,28.internal,True
https://string-db.org/,https://string-db.org/,links,29.text,Partners
https://string-db.org/,https://string-db.org/,links,29.url,https://string-db.org/cgi/credits?footer_active_subpage=partners
https://string-db.org/,https://string-db.org/,links,29.internal,True
https://string-db.org/,https://string-db.org/,links,30.text,Software
https://string-db.org/,https://string-db.org/,links,30.url,https://string-db.org/cgi/credits?footer_active_subpage=libraries
https://string-db.org/,https://string-db.org/,links,30.internal,True
https://string-db.org/,https://string-db.org/,links,31.text,Access
https://string-db.org/,https://string-db.org/,links,31.url,https://string-db.org/cgi/access
https://string-db.org/,https://string-db.org/,links,31.internal,True
https://string-db.org/,https://string-db.org/,links,32.text,Versions
https://string-db.org/,https://string-db.org/,links,32.url,https://string-db.org/cgi/access?footer_active_subpage=archive
https://string-db.org/,https://string-db.org/,links,32.internal,True
https://string-db.org/,https://string-db.org/,links,33.text,APIs
https://string-db.org/,https://string-db.org/,links,33.url,https://string-db.org/cgi/access?footer_active_subpage=apis
https://string-db.org/,https://string-db.org/,links,33.internal,True
https://string-db.org/,https://string-db.org/,links,34.text,Licensing
https://string-db.org/,https://string-db.org/,links,34.url,https://string-db.org/cgi/access?footer_active_subpage=licensing
https://string-db.org/,https://string-db.org/,links,34.internal,True
https://string-db.org/,https://string-db.org/,links,35.text,Usage
https://string-db.org/,https://string-db.org/,links,35.url,https://string-db.org/cgi/access?footer_active_subpage=usage
https://string-db.org/,https://string-db.org/,links,35.internal,True
https://string-db.org/,https://string-db.org/,links,36.text,Info
https://string-db.org/,https://string-db.org/,links,36.url,https://string-db.org/cgi/info
https://string-db.org/,https://string-db.org/,links,36.internal,True
https://string-db.org/,https://string-db.org/,links,37.text,Scores
https://string-db.org/,https://string-db.org/,links,37.url,https://string-db.org/cgi/info?footer_active_subpage=scores
https://string-db.org/,https://string-db.org/,links,37.internal,True
https://string-db.org/,https://string-db.org/,links,38.text,Use scenarios
https://string-db.org/,https://string-db.org/,links,38.url,https://string-db.org/cgi/info?footer_active_subpage=scenarios
https://string-db.org/,https://string-db.org/,links,38.internal,True
https://string-db.org/,https://string-db.org/,links,39.text,FAQs
https://string-db.org/,https://string-db.org/,links,39.url,https://string-db.org/cgi/info?footer_active_subpage=faqs
https://string-db.org/,https://string-db.org/,links,39.internal,True
https://string-db.org/,https://string-db.org/,links,40.text,Cookies/Privacy
https://string-db.org/,https://string-db.org/,links,40.url,https://string-db.org/cgi/info?footer_active_subpage=cookies
https://string-db.org/,https://string-db.org/,links,40.internal,True
https://string-db.org/,https://string-db.org/,links,41.text,About
https://string-db.org/,https://string-db.org/,links,41.url,https://string-db.org/cgi/about
https://string-db.org/,https://string-db.org/,links,41.internal,True
https://string-db.org/,https://string-db.org/,links,42.text,Content
https://string-db.org/,https://string-db.org/,links,42.url,https://string-db.org/cgi/about?footer_active_subpage=content
https://string-db.org/,https://string-db.org/,links,42.internal,True
https://string-db.org/,https://string-db.org/,links,43.text,References
https://string-db.org/,https://string-db.org/,links,43.url,https://string-db.org/cgi/about?footer_active_subpage=references
https://string-db.org/,https://string-db.org/,links,43.internal,True
https://string-db.org/,https://string-db.org/,links,44.text,People
https://string-db.org/,https://string-db.org/,links,44.url,https://string-db.org/cgi/about?footer_active_subpage=contributors
https://string-db.org/,https://string-db.org/,links,44.internal,True
https://string-db.org/,https://string-db.org/,links,45.text,Statistics
https://string-db.org/,https://string-db.org/,links,45.url,https://string-db.org/cgi/about?footer_active_subpage=statistics
https://string-db.org/,https://string-db.org/,links,45.internal,True
https://string-db.org/,https://string-db.org/,links,46.text,Global Biodata Coalition
https://string-db.org/,https://string-db.org/,links,46.url,https://globalbiodata.org/scientific-activities/global-core-biodata-resources/
https://string-db.org/,https://string-db.org/,links,46.internal,False
https://string-db.org/,https://string-db.org/,links,47.text,ELIXIR
https://string-db.org/,https://string-db.org/,links,47.url,https://www.elixir-europe.org/platforms/data/core-data-resources
https://string-db.org/,https://string-db.org/,links,47.internal,False
https://string-db.org/,https://string-db.org/,links,48.text,Login
https://string-db.org/,https://string-db.org/,links,48.url,https://string-db.eu.auth0.com/authorize?client_id=V6E4n1vLLdhvu4HEvX1OBkrRDrLj5YLZ&response_type=code&redirect_uri=https%3A//string-db.org/cgi/login%3Fscript_name%3Daccess%26sessionId%3DbsvHcHHs7bIK%26footer_active_subpage%3Darchive
https://string-db.org/,https://string-db.org/,links,48.internal,False
https://string-db.org/,https://string-db.org/,links,49.text,APIs
https://string-db.org/,https://string-db.org/,links,49.url,https://string-db.org/cgi/access?sessionId=bsvHcHHs7bIK&footer_active_subpage=apis
https://string-db.org/,https://string-db.org/,links,49.internal,True
https://string-db.org/,https://string-db.org/,links,50.text,Licensing
https://string-db.org/,https://string-db.org/,links,50.url,https://string-db.org/cgi/access?sessionId=bsvHcHHs7bIK&footer_active_subpage=licensing
https://string-db.org/,https://string-db.org/,links,50.internal,True
https://string-db.org/,https://string-db.org/,links,51.text,Usage statistics
https://string-db.org/,https://string-db.org/,links,51.url,https://string-db.org/cgi/access?sessionId=bsvHcHHs7bIK&footer_active_subpage=usage
https://string-db.org/,https://string-db.org/,links,51.internal,True
https://string-db.org/,https://string-db.org/,links,52.text,https://preview.string-db.org/
https://string-db.org/,https://string-db.org/,links,52.url,https://preview.string-db.org/
https://string-db.org/,https://string-db.org/,links,52.internal,False
https://string-db.org/,https://string-db.org/,links,53.text,https://string-db.org/
https://string-db.org/,https://string-db.org/,links,53.url,https://string-db.org/
https://string-db.org/,https://string-db.org/,links,53.internal,True
https://string-db.org/,https://string-db.org/,links,54.text,https://version-11-5.string-db.org/
https://string-db.org/,https://string-db.org/,links,54.url,https://version-11-5.string-db.org/
https://string-db.org/,https://string-db.org/,links,54.internal,False
https://string-db.org/,https://string-db.org/,links,55.text,https://version-11-0b.string-db.org/
https://string-db.org/,https://string-db.org/,links,55.url,https://version-11-0b.string-db.org/
https://string-db.org/,https://string-db.org/,links,55.internal,False
https://string-db.org/,https://string-db.org/,links,56.text,https://version-11-0.string-db.org/
https://string-db.org/,https://string-db.org/,links,56.url,https://version-11-0.string-db.org/
https://string-db.org/,https://string-db.org/,links,56.internal,False
https://string-db.org/,https://string-db.org/,links,57.text,https://version-10-5.string-db.org/
https://string-db.org/,https://string-db.org/,links,57.url,https://version-10-5.string-db.org/
https://string-db.org/,https://string-db.org/,links,57.internal,False
https://string-db.org/,https://string-db.org/,links,58.text,http://version10.string-db.org/
https://string-db.org/,https://string-db.org/,links,58.url,http://version10.string-db.org/
https://string-db.org/,https://string-db.org/,links,58.internal,False
https://string-db.org/,https://string-db.org/,links,59.text,http://version10a.string-db.org/
https://string-db.org/,https://string-db.org/,links,59.url,http://version10a.string-db.org/
https://string-db.org/,https://string-db.org/,links,59.internal,False
https://string-db.org/,https://string-db.org/,links,60.text,http://string91.embl.de/
https://string-db.org/,https://string-db.org/,links,60.url,http://string91.embl.de/
https://string-db.org/,https://string-db.org/,links,60.internal,False
https://string-db.org/,https://string-db.org/,links,61.text,- database archived -
https://string-db.org/,https://string-db.org/,links,61.url,https://stringdb-downloads.org/download/archive/
https://string-db.org/,https://string-db.org/,links,61.internal,False
https://string-db.org/,https://string-db.org/,links,62.text,Cytoscape
https://string-db.org/,https://string-db.org/,links,62.url,http://www.cytoscape.org/
https://string-db.org/,https://string-db.org/,links,62.internal,False
https://string-db.org/,https://string-db.org/,links,63.text,Application Program Interfaces (APIs)
https://string-db.org/,https://string-db.org/,links,63.url,https://string-db.org/cgi/help?sessionId=bsvHcHHs7bIK&subpage=api
https://string-db.org/,https://string-db.org/,links,63.internal,True
https://string-db.org/,https://string-db.org/,links,64.text,robots.txt
https://string-db.org/,https://string-db.org/,links,64.url,https://string-db.org/robots.txt
https://string-db.org/,https://string-db.org/,links,64.internal,True
https://string-db.org/,https://string-db.org/,links,65.text,sitemap_index.xml
https://string-db.org/,https://string-db.org/,links,65.url,https://string-db.org/sitemap_index.xml
https://string-db.org/,https://string-db.org/,links,65.internal,True
https://string-db.org/,https://string-db.org/,links,66.text,
https://string-db.org/,https://string-db.org/,links,66.url,https://creativecommons.org/licenses/by/4.0/
https://string-db.org/,https://string-db.org/,links,66.internal,False
https://string-db.org/,https://string-db.org/,headings,0.level,h1
https://string-db.org/,https://string-db.org/,headings,0.text,Welcome to STRING
https://string-db.org/,https://string-db.org/,headings,1.level,h1
https://string-db.org/,https://string-db.org/,headings,1.text,Search
https://string-db.org/,https://string-db.org/,headings,2.level,h2
https://string-db.org/,https://string-db.org/,headings,2.text,Protein-Protein Interaction Networks Functional Enrichment Analysis
https://string-db.org/,https://string-db.org/,headings,3.level,h2
https://string-db.org/,https://string-db.org/,headings,3.text,Example 1
https://string-db.org/,https://string-db.org/,headings,4.level,h2
https://string-db.org/,https://string-db.org/,headings,4.text,Example 2
https://string-db.org/,https://string-db.org/,headings,5.level,h2
https://string-db.org/,https://string-db.org/,headings,5.text,Example 3
https://string-db.org/,https://string-db.org/,headings,6.level,h2
https://string-db.org/,https://string-db.org/,headings,6.text,© STRING Consortium 2025
https://string-db.org/,https://string-db.org/,headings,7.level,h2
https://string-db.org/,https://string-db.org/,headings,7.text,Credits
https://string-db.org/,https://string-db.org/,headings,8.level,h2
https://string-db.org/,https://string-db.org/,headings,8.text,Access
https://string-db.org/,https://string-db.org/,headings,9.level,h2
https://string-db.org/,https://string-db.org/,headings,9.text,Info
https://string-db.org/,https://string-db.org/,headings,10.level,h2
https://string-db.org/,https://string-db.org/,headings,10.text,About
https://string-db.org/,https://string-db.org/,headings,11.level,h1
https://string-db.org/,https://string-db.org/,headings,11.text,Access
https://string-db.org/,https://string-db.org/,headings,12.level,h2
https://string-db.org/,https://string-db.org/,headings,12.text,REST API
https://string-db.org/,https://string-db.org/,headings,13.level,h2
https://string-db.org/,https://string-db.org/,headings,13.text,Stable URLs / Permalinks
https://string-db.org/,https://string-db.org/,headings,14.level,h2
https://string-db.org/,https://string-db.org/,headings,14.text,Cytoscape Backend API
https://string-db.org/,https://string-db.org/,headings,15.level,h2
https://string-db.org/,https://string-db.org/,headings,15.text,API limits
https://string-db.org/,https://string-db.org/,headings,16.level,h2
https://string-db.org/,https://string-db.org/,headings,16.text,Search Engines
https://string-db.org/,https://string-db.org/,headings,17.level,h2
https://string-db.org/,https://string-db.org/,headings,17.text,Screen Scraping
https://string-db.org/,https://string-db.org/,phones,0,"2021
266"
https://string-db.org/,https://string-db.org/,phones,1,"481
133
972"
https://string-db.org/,https://string-db.org/,phones,2,"2021
164"
https://string-db.org/,https://string-db.org/,phones,3,"560
48
637"
https://string-db.org/,https://string-db.org/,query_matches,0.match,Stable URLs / Permalinks
https://string-db.org/,https://string-db.org/,query_matches,0.terms,"[""links""]"
https://clinicaltrials.gov/,https://clinicaltrials.gov/,meta,title,ClinicalTrials.gov
https://clinicaltrials.gov/,https://clinicaltrials.gov/,meta,lang,en
https://clinicaltrials.gov/,https://clinicaltrials.gov/,links,0.text,Data Element Definitions
https://clinicaltrials.gov/,https://clinicaltrials.gov/,links,0.url,https://clinicaltrials.gov/policy#data-element-definitions
https://clinicaltrials.gov/,https://clinicaltrials.gov/,links,0.internal,True
https://clinicaltrials.gov/,https://clinicaltrials.gov/,headings,0.level,h4
https://clinicaltrials.gov/,https://clinicaltrials.gov/,headings,0.text,Search for terms
https://www.ncbi.nlm.nih.gov/,https://www.ncbi.nlm.nih.gov/,meta,title,National Center for Biotechnology Information
https://www.ncbi.nlm.nih.gov/,https://www.ncbi.nlm.nih.gov/,meta,og_image,https://www.ncbi.nlm.nih.gov/corehtml/logo256.gif
https://www.ncbi.nlm.nih.gov/,https://www.ncbi.nlm.nih.gov/,meta,h1,NCBI
https://www.ncbi.nlm.nih.gov/,https://www.ncbi.nlm.nih.gov/,meta,lang,en
https://www.ncbi.nlm.nih.gov/,https://www.ncbi.nlm.nih.gov/,links,0.text,
https://www.ncbi.nlm.nih.gov/,https://www.ncbi.nlm.nih.gov/,links,0.url,https://www.ncbi.nlm.nih.gov/
https://www.ncbi.nlm.nih.gov/,https://www.ncbi.nlm.nih.gov/,links,0.internal,True
https://www.ncbi.nlm.nih.gov/,https://www.ncbi.nlm.nih.gov/,links,1.text,Log in
https://www.ncbi.nlm.nih.gov/,https://www.ncbi.nlm.nih.gov/,links,1.url,https://account.ncbi.nlm.nih.gov
https://www.ncbi.nlm.nih.gov/,https://www.ncbi.nlm.nih.gov/,links,1.internal,False
https://www.ncbi.nlm.nih.gov/,https://www.ncbi.nlm.nih.gov/,links,2.text,Dashboard
https://www.ncbi.nlm.nih.gov/,https://www.ncbi.nlm.nih.gov/,links,2.url,https://www.ncbi.nlm.nih.gov/myncbi/
https://www.ncbi.nlm.nih.gov/,https://www.ncbi.nlm.nih.gov/,links,2.internal,True
https://www.ncbi.nlm.nih.gov/,https://www.ncbi.nlm.nih.gov/,links,3.text,Publications
https://www.ncbi.nlm.nih.gov/,https://www.ncbi.nlm.nih.gov/,links,3.url,https://www.ncbi.nlm.nih.gov/myncbi/collections/bibliography/
https://www.ncbi.nlm.nih.gov/,https://www.ncbi.nlm.nih.gov/,links,3.internal,True
https://www.ncbi.nlm.nih.gov/,https://www.ncbi.nlm.nih.gov/,links,4.text,Account settings
https://www.ncbi.nlm.nih.gov/,https://www.ncbi.nlm.nih.gov/,links,4.url,https://www.ncbi.nlm.nih.gov/account/settings/
https://www.ncbi.nlm.nih.gov/,https://www.ncbi.nlm.nih.gov/,links,4.internal,True
https://www.ncbi.nlm.nih.gov/,https://www.ncbi.nlm.nih.gov/,links,5.text,Log out
https://www.ncbi.nlm.nih.gov/,https://www.ncbi.nlm.nih.gov/,links,5.url,https://www.ncbi.nlm.nih.gov/account/signout/
https://www.ncbi.nlm.nih.gov/,https://www.ncbi.nlm.nih.gov/,links,5.internal,True
https://www.ncbi.nlm.nih.gov/,https://www.ncbi.nlm.nih.gov/,links,6.text,Access keys
https://www.ncbi.nlm.nih.gov/,https://www.ncbi.nlm.nih.gov/,links,6.url,https://www.ncbi.nlm.nih.gov/guide/browsers/#ncbi_accesskeys
https://www.ncbi.nlm.nih.gov/,https://www.ncbi.nlm.nih.gov/,links,6.internal,True
https://www.ncbi.nlm.nih.gov/,https://www.ncbi.nlm.nih.gov/,links,7.text,NCBI Homepage
https://www.ncbi.nlm.nih.gov/,https://www.ncbi.nlm.nih.gov/,links,7.url,https://www.ncbi.nlm.nih.gov
https://www.ncbi.nlm.nih.gov/,https://www.ncbi.nlm.nih.gov/,links,7.internal,True
https://www.ncbi.nlm.nih.gov/,https://www.ncbi.nlm.nih.gov/,links,8.text,About the NCBI
https://www.ncbi.nlm.nih.gov/,https://www.ncbi.nlm.nih.gov/,links,8.url,https://www.ncbi.nlm.nih.gov/home/about/
https://www.ncbi.nlm.nih.gov/,https://www.ncbi.nlm.nih.gov/,links,8.internal,True
https://www.ncbi.nlm.nih.gov/,https://www.ncbi.nlm.nih.gov/,links,9.text,Mission
https://www.ncbi.nlm.nih.gov/,https://www.ncbi.nlm.nih.gov/,links,9.url,https://www.ncbi.nlm.nih.gov/home/about/mission/
https://www.ncbi.nlm.nih.gov/,https://www.ncbi.nlm.nih.gov/,links,9.internal,True
https://www.ncbi.nlm.nih.gov/,https://www.ncbi.nlm.nih.gov/,links,10.text,Organization
https://www.ncbi.nlm.nih.gov/,https://www.ncbi.nlm.nih.gov/,links,10.url,https://www.ncbi.nlm.nih.gov/home/about/structure/
https://www.ncbi.nlm.nih.gov/,https://www.ncbi.nlm.nih.gov/,links,10.internal,True
https://www.ncbi.nlm.nih.gov/,https://www.ncbi.nlm.nih.gov/,links,11.text,NCBI News & Blog
https://www.ncbi.nlm.nih.gov/,https://www.ncbi.nlm.nih.gov/,links,11.url,https://ncbiinsights.ncbi.nlm.nih.gov/
https://www.ncbi.nlm.nih.gov/,https://www.ncbi.nlm.nih.gov/,links,11.internal,False
https://www.ncbi.nlm.nih.gov/,https://www.ncbi.nlm.nih.gov/,links,12.text,Visit the Beta Homepage
https://www.ncbi.nlm.nih.gov/,https://www.ncbi.nlm.nih.gov/,links,12.url,https://beta.ncbi.nlm.nih.gov/
https://www.ncbi.nlm.nih.gov/,https://www.ncbi.nlm.nih.gov/,links,12.internal,False
https://www.ncbi.nlm.nih.gov/,https://www.ncbi.nlm.nih.gov/,links,13.text,"Submit Deposit data or manuscripts into NCBI
                                                    databases Submit Icon"
https://www.ncbi.nlm.nih.gov/,https://www.ncbi.nlm.nih.gov/,links,13.url,https://submit.ncbi.nlm.nih.gov/
https://www.ncbi.nlm.nih.gov/,https://www.ncbi.nlm.nih.gov/,links,13.internal,False
https://www.ncbi.nlm.nih.gov/,https://www.ncbi.nlm.nih.gov/,links,14.text,Download Transfer NCBI data to your computer Download Icon
https://www.ncbi.nlm.nih.gov/,https://www.ncbi.nlm.nih.gov/,links,14.url,https://www.ncbi.nlm.nih.gov/home/download/
https://www.ncbi.nlm.nih.gov/,https://www.ncbi.nlm.nih.gov/,links,14.internal,True
https://www.ncbi.nlm.nih.gov/,https://www.ncbi.nlm.nih.gov/,links,15.text,"Learn Find help documents, attend a class or watch a
                                                    tutorial Books Icon"
https://www.ncbi.nlm.nih.gov/,https://www.ncbi.nlm.nih.gov/,links,15.url,https://www.ncbi.nlm.nih.gov/home/learn/
https://www.ncbi.nlm.nih.gov/,https://www.ncbi.nlm.nih.gov/,links,15.internal,True
https://www.ncbi.nlm.nih.gov/,https://www.ncbi.nlm.nih.gov/,links,16.text,"Develop Use NCBI APIs and code libraries to build
                                                    applications Develop Icon"
https://www.ncbi.nlm.nih.gov/,https://www.ncbi.nlm.nih.gov/,links,16.url,https://www.ncbi.nlm.nih.gov/home/develop/
https://www.ncbi.nlm.nih.gov/,https://www.ncbi.nlm.nih.gov/,links,16.internal,True
https://www.ncbi.nlm.nih.gov/,https://www.ncbi.nlm.nih.gov/,links,17.text,"Analyze Identify an NCBI tool for your data analysis
                                                    task Graph Icon"
https://www.ncbi.nlm.nih.gov/,https://www.ncbi.nlm.nih.gov/,links,17.url,https://www.ncbi.nlm.nih.gov/home/analyze/
https://www.ncbi.nlm.nih.gov/,https://www.ncbi.nlm.nih.gov/,links,17.internal,True
https://www.ncbi.nlm.nih.gov/,https://www.ncbi.nlm.nih.gov/,links,18.text,"Research Explore NCBI research and collaborative
                                                    projects Microscope Icon"
https://www.ncbi.nlm.nih.gov/,https://www.ncbi.nlm.nih.gov/,links,18.url,https://www.ncbi.nlm.nih.gov/research/
https://www.ncbi.nlm.nih.gov/,https://www.ncbi.nlm.nih.gov/,links,18.internal,True
https://www.ncbi.nlm.nih.gov/,https://www.ncbi.nlm.nih.gov/,links,19.text,"Resource List
                                            (A-Z)"
https://www.ncbi.nlm.nih.gov/,https://www.ncbi.nlm.nih.gov/,links,19.url,https://www.ncbi.nlm.nih.gov/guide/sitemap/
https://www.ncbi.nlm.nih.gov/,https://www.ncbi.nlm.nih.gov/,links,19.internal,True
https://www.ncbi.nlm.nih.gov/,https://www.ncbi.nlm.nih.gov/,links,20.text,All Resources
https://www.ncbi.nlm.nih.gov/,https://www.ncbi.nlm.nih.gov/,links,20.url,https://www.ncbi.nlm.nih.gov/guide/all/
https://www.ncbi.nlm.nih.gov/,https://www.ncbi.nlm.nih.gov/,links,20.internal,True
https://www.ncbi.nlm.nih.gov/,https://www.ncbi.nlm.nih.gov/,links,21.text,"Chemicals &
                                            Bioassays"
https://www.ncbi.nlm.nih.gov/,https://www.ncbi.nlm.nih.gov/,links,21.url,https://www.ncbi.nlm.nih.gov/guide/chemicals-bioassays/
https://www.ncbi.nlm.nih.gov/,https://www.ncbi.nlm.nih.gov/,links,21.internal,True
https://www.ncbi.nlm.nih.gov/,https://www.ncbi.nlm.nih.gov/,links,22.text,Data & Software
https://www.ncbi.nlm.nih.gov/,https://www.ncbi.nlm.nih.gov/,links,22.url,https://www.ncbi.nlm.nih.gov/guide/data-software/
https://www.ncbi.nlm.nih.gov/,https://www.ncbi.nlm.nih.gov/,links,22.internal,True
https://www.ncbi.nlm.nih.gov/,https://www.ncbi.nlm.nih.gov/,links,23.text,DNA & RNA
https://www.ncbi.nlm.nih.gov/,https://www.ncbi.nlm.nih.gov/,links,23.url,https://www.ncbi.nlm.nih.gov/guide/dna-rna/
https://www.ncbi.nlm.nih.gov/,https://www.ncbi.nlm.nih.gov/,links,23.internal,True
https://www.ncbi.nlm.nih.gov/,https://www.ncbi.nlm.nih.gov/,links,24.text,"Domains &
                                            Structures"
https://www.ncbi.nlm.nih.gov/,https://www.ncbi.nlm.nih.gov/,links,24.url,https://www.ncbi.nlm.nih.gov/guide/domains-structures/
https://www.ncbi.nlm.nih.gov/,https://www.ncbi.nlm.nih.gov/,links,24.internal,True
https://www.ncbi.nlm.nih.gov/,https://www.ncbi.nlm.nih.gov/,links,25.text,"Genes &
                                            Expression"
https://www.ncbi.nlm.nih.gov/,https://www.ncbi.nlm.nih.gov/,links,25.url,https://www.ncbi.nlm.nih.gov/guide/genes-expression/
https://www.ncbi.nlm.nih.gov/,https://www.ncbi.nlm.nih.gov/,links,25.internal,True
https://www.ncbi.nlm.nih.gov/,https://www.ncbi.nlm.nih.gov/,links,26.text,"Genetics &
                                            Medicine"
https://www.ncbi.nlm.nih.gov/,https://www.ncbi.nlm.nih.gov/,links,26.url,https://www.ncbi.nlm.nih.gov/guide/genetics-medicine/
https://www.ncbi.nlm.nih.gov/,https://www.ncbi.nlm.nih.gov/,links,26.internal,True
https://www.ncbi.nlm.nih.gov/,https://www.ncbi.nlm.nih.gov/,links,27.text,Genomes & Maps
https://www.ncbi.nlm.nih.gov/,https://www.ncbi.nlm.nih.gov/,links,27.url,https://www.ncbi.nlm.nih.gov/guide/genomes-maps/
https://www.ncbi.nlm.nih.gov/,https://www.ncbi.nlm.nih.gov/,links,27.internal,True
https://www.ncbi.nlm.nih.gov/,https://www.ncbi.nlm.nih.gov/,links,28.text,Homology
https://www.ncbi.nlm.nih.gov/,https://www.ncbi.nlm.nih.gov/,links,28.url,https://www.ncbi.nlm.nih.gov/guide/homology/
https://www.ncbi.nlm.nih.gov/,https://www.ncbi.nlm.nih.gov/,links,28.internal,True
https://www.ncbi.nlm.nih.gov/,https://www.ncbi.nlm.nih.gov/,links,29.text,Literature
https://www.ncbi.nlm.nih.gov/,https://www.ncbi.nlm.nih.gov/,links,29.url,https://www.ncbi.nlm.nih.gov/guide/literature/
https://www.ncbi.nlm.nih.gov/,https://www.ncbi.nlm.nih.gov/,links,29.internal,True
https://www.ncbi.nlm.nih.gov/,https://www.ncbi.nlm.nih.gov/,links,30.text,Proteins
https://www.ncbi.nlm.nih.gov/,https://www.ncbi.nlm.nih.gov/,links,30.url,https://www.ncbi.nlm.nih.gov/guide/proteins/
https://www.ncbi.nlm.nih.gov/,https://www.ncbi.nlm.nih.gov/,links,30.internal,True
https://www.ncbi.nlm.nih.gov/,https://www.ncbi.nlm.nih.gov/,links,31.text,Sequence Analysis
https://www.ncbi.nlm.nih.gov/,https://www.ncbi.nlm.nih.gov/,links,31.url,https://www.ncbi.nlm.nih.gov/guide/sequence-analysis/
https://www.ncbi.nlm.nih.gov/,https://www.ncbi.nlm.nih.gov/,links,31.internal,True
https://www.ncbi.nlm.nih.gov/,https://www.ncbi.nlm.nih.gov/,links,32.text,Taxonomy
https://www.ncbi.nlm.nih.gov/,https://www.ncbi.nlm.nih.gov/,links,32.url,https://www.ncbi.nlm.nih.gov/guide/taxonomy/
https://www.ncbi.nlm.nih.gov/,https://www.ncbi.nlm.nih.gov/,links,32.internal,True
https://www.ncbi.nlm.nih.gov/,https://www.ncbi.nlm.nih.gov/,links,33.text,"Training &
                                            Tutorials"
https://www.ncbi.nlm.nih.gov/,https://www.ncbi.nlm.nih.gov/,links,33.url,https://www.ncbi.nlm.nih.gov/guide/training-tutorials/
https://www.ncbi.nlm.nih.gov/,https://www.ncbi.nlm.nih.gov/,links,33.internal,True
https://www.ncbi.nlm.nih.gov/,https://www.ncbi.nlm.nih.gov/,links,34.text,Variation
https://www.ncbi.nlm.nih.gov/,https://www.ncbi.nlm.nih.gov/,links,34.url,https://www.ncbi.nlm.nih.gov/guide/variation/
https://www.ncbi.nlm.nih.gov/,https://www.ncbi.nlm.nih.gov/,links,34.internal,True
https://www.ncbi.nlm.nih.gov/,https://www.ncbi.nlm.nih.gov/,links,35.text,PubMed
https://www.ncbi.nlm.nih.gov/,https://www.ncbi.nlm.nih.gov/,links,35.url,https://www.ncbi.nlm.nih.gov/pubmed/
https://www.ncbi.nlm.nih.gov/,https://www.ncbi.nlm.nih.gov/,links,35.internal,True
https://www.ncbi.nlm.nih.gov/,https://www.ncbi.nlm.nih.gov/,links,36.text,Bookshelf
https://www.ncbi.nlm.nih.gov/,https://www.ncbi.nlm.nih.gov/,links,36.url,https://www.ncbi.nlm.nih.gov/books/
https://www.ncbi.nlm.nih.gov/,https://www.ncbi.nlm.nih.gov/,links,36.internal,True
https://www.ncbi.nlm.nih.gov/,https://www.ncbi.nlm.nih.gov/,links,37.text,PubMed Central
https://www.ncbi.nlm.nih.gov/,https://www.ncbi.nlm.nih.gov/,links,37.url,https://www.ncbi.nlm.nih.gov/pmc/
https://www.ncbi.nlm.nih.gov/,https://www.ncbi.nlm.nih.gov/,links,37.internal,True
https://www.ncbi.nlm.nih.gov/,https://www.ncbi.nlm.nih.gov/,links,38.text,BLAST
https://www.ncbi.nlm.nih.gov/,https://www.ncbi.nlm.nih.gov/,links,38.url,https://blast.ncbi.nlm.nih.gov/
https://www.ncbi.nlm.nih.gov/,https://www.ncbi.nlm.nih.gov/,links,38.internal,False
https://www.ncbi.nlm.nih.gov/,https://www.ncbi.nlm.nih.gov/,links,39.text,Nucleotide
https://www.ncbi.nlm.nih.gov/,https://www.ncbi.nlm.nih.gov/,links,39.url,https://www.ncbi.nlm.nih.gov/nucleotide/
https://www.ncbi.nlm.nih.gov/,https://www.ncbi.nlm.nih.gov/,links,39.internal,True
https://www.ncbi.nlm.nih.gov/,https://www.ncbi.nlm.nih.gov/,links,40.text,Genome
https://www.ncbi.nlm.nih.gov/,https://www.ncbi.nlm.nih.gov/,links,40.url,https://www.ncbi.nlm.nih.gov/genome/
https://www.ncbi.nlm.nih.gov/,https://www.ncbi.nlm.nih.gov/,links,40.internal,True
https://www.ncbi.nlm.nih.gov/,https://www.ncbi.nlm.nih.gov/,links,41.text,SNP
https://www.ncbi.nlm.nih.gov/,https://www.ncbi.nlm.nih.gov/,links,41.url,https://www.ncbi.nlm.nih.gov/snp/
https://www.ncbi.nlm.nih.gov/,https://www.ncbi.nlm.nih.gov/,links,41.internal,True
https://www.ncbi.nlm.nih.gov/,https://www.ncbi.nlm.nih.gov/,links,42.text,Gene
https://www.ncbi.nlm.nih.gov/,https://www.ncbi.nlm.nih.gov/,links,42.url,https://www.ncbi.nlm.nih.gov/gene/
https://www.ncbi.nlm.nih.gov/,https://www.ncbi.nlm.nih.gov/,links,42.internal,True
https://www.ncbi.nlm.nih.gov/,https://www.ncbi.nlm.nih.gov/,links,43.text,Protein
https://www.ncbi.nlm.nih.gov/,https://www.ncbi.nlm.nih.gov/,links,43.url,https://www.ncbi.nlm.nih.gov/protein/
https://www.ncbi.nlm.nih.gov/,https://www.ncbi.nlm.nih.gov/,links,43.internal,True
https://www.ncbi.nlm.nih.gov/,https://www.ncbi.nlm.nih.gov/,links,44.text,PubChem
https://www.ncbi.nlm.nih.gov/,https://www.ncbi.nlm.nih.gov/,links,44.url,https://pubchem.ncbi.nlm.nih.gov/
https://www.ncbi.nlm.nih.gov/,https://www.ncbi.nlm.nih.gov/,links,44.internal,False
https://www.ncbi.nlm.nih.gov/,https://www.ncbi.nlm.nih.gov/,links,45.text,
https://www.ncbi.nlm.nih.gov/,https://www.ncbi.nlm.nih.gov/,links,45.url,https://twitter.com/ncbi
https://www.ncbi.nlm.nih.gov/,https://www.ncbi.nlm.nih.gov/,links,45.internal,False
https://www.ncbi.nlm.nih.gov/,https://www.ncbi.nlm.nih.gov/,links,46.text,
https://www.ncbi.nlm.nih.gov/,https://www.ncbi.nlm.nih.gov/,links,46.url,https://www.facebook.com/ncbi.nlm
https://www.ncbi.nlm.nih.gov/,https://www.ncbi.nlm.nih.gov/,links,46.internal,False
https://www.ncbi.nlm.nih.gov/,https://www.ncbi.nlm.nih.gov/,links,47.text,
https://www.ncbi.nlm.nih.gov/,https://www.ncbi.nlm.nih.gov/,links,47.url,https://www.linkedin.com/company/ncbinlm
https://www.ncbi.nlm.nih.gov/,https://www.ncbi.nlm.nih.gov/,links,47.internal,False
https://www.ncbi.nlm.nih.gov/,https://www.ncbi.nlm.nih.gov/,links,48.text,
https://www.ncbi.nlm.nih.gov/,https://www.ncbi.nlm.nih.gov/,links,48.url,https://github.com/ncbi
https://www.ncbi.nlm.nih.gov/,https://www.ncbi.nlm.nih.gov/,links,48.internal,False
https://www.ncbi.nlm.nih.gov/,https://www.ncbi.nlm.nih.gov/,links,49.text,Connect with NLM
https://www.ncbi.nlm.nih.gov/,https://www.ncbi.nlm.nih.gov/,links,49.url,https://www.nlm.nih.gov/socialmedia/index.html
https://www.ncbi.nlm.nih.gov/,https://www.ncbi.nlm.nih.gov/,links,49.internal,False
https://www.ncbi.nlm.nih.gov/,https://www.ncbi.nlm.nih.gov/,links,50.text,
https://www.ncbi.nlm.nih.gov/,https://www.ncbi.nlm.nih.gov/,links,50.url,https://twitter.com/NLM_NIH
https://www.ncbi.nlm.nih.gov/,https://www.ncbi.nlm.nih.gov/,links,50.internal,False
https://www.ncbi.nlm.nih.gov/,https://www.ncbi.nlm.nih.gov/,links,51.text,
https://www.ncbi.nlm.nih.gov/,https://www.ncbi.nlm.nih.gov/,links,51.url,https://www.facebook.com/nationallibraryofmedicine
https://www.ncbi.nlm.nih.gov/,https://www.ncbi.nlm.nih.gov/,links,51.internal,False
https://www.ncbi.nlm.nih.gov/,https://www.ncbi.nlm.nih.gov/,links,52.text,
https://www.ncbi.nlm.nih.gov/,https://www.ncbi.nlm.nih.gov/,links,52.url,https://www.youtube.com/user/NLMNIH
https://www.ncbi.nlm.nih.gov/,https://www.ncbi.nlm.nih.gov/,links,52.internal,False
https://www.ncbi.nlm.nih.gov/,https://www.ncbi.nlm.nih.gov/,links,53.text,"8600 Rockville Pike Bethesda, MD 20894"
https://www.ncbi.nlm.nih.gov/,https://www.ncbi.nlm.nih.gov/,links,53.url,"https://www.google.com/maps/place/8600+Rockville+Pike,+Bethesda,+MD+20894/@38.9959508,-77.101021,17z/data=!3m1!4b1!4m5!3m4!1s0x89b7c95e25765ddb:0x19156f88b27635b8!8m2!3d38.9959508!4d-77.0988323"
https://www.ncbi.nlm.nih.gov/,https://www.ncbi.nlm.nih.gov/,links,53.internal,False
https://www.ncbi.nlm.nih.gov/,https://www.ncbi.nlm.nih.gov/,links,54.text,Web Policies
https://www.ncbi.nlm.nih.gov/,https://www.ncbi.nlm.nih.gov/,links,54.url,https://www.nlm.nih.gov/web_policies.html
https://www.ncbi.nlm.nih.gov/,https://www.ncbi.nlm.nih.gov/,links,54.internal,False
https://www.ncbi.nlm.nih.gov/,https://www.ncbi.nlm.nih.gov/,links,55.text,FOIA
https://www.ncbi.nlm.nih.gov/,https://www.ncbi.nlm.nih.gov/,links,55.url,https://www.nih.gov/institutes-nih/nih-office-director/office-communications-public-liaison/freedom-information-act-office
https://www.ncbi.nlm.nih.gov/,https://www.ncbi.nlm.nih.gov/,links,55.internal,False
https://www.ncbi.nlm.nih.gov/,https://www.ncbi.nlm.nih.gov/,links,56.text,HHS Vulnerability Disclosure
https://www.ncbi.nlm.nih.gov/,https://www.ncbi.nlm.nih.gov/,links,56.url,https://www.hhs.gov/vulnerability-disclosure-policy/index.html
https://www.ncbi.nlm.nih.gov/,https://www.ncbi.nlm.nih.gov/,links,56.internal,False
https://www.ncbi.nlm.nih.gov/,https://www.ncbi.nlm.nih.gov/,links,57.text,Help
https://www.ncbi.nlm.nih.gov/,https://www.ncbi.nlm.nih.gov/,links,57.url,https://support.nlm.nih.gov/
https://www.ncbi.nlm.nih.gov/,https://www.ncbi.nlm.nih.gov/,links,57.internal,False
https://www.ncbi.nlm.nih.gov/,https://www.ncbi.nlm.nih.gov/,links,58.text,Accessibility
https://www.ncbi.nlm.nih.gov/,https://www.ncbi.nlm.nih.gov/,links,58.url,https://www.nlm.nih.gov/accessibility.html
https://www.ncbi.nlm.nih.gov/,https://www.ncbi.nlm.nih.gov/,links,58.internal,False
https://www.ncbi.nlm.nih.gov/,https://www.ncbi.nlm.nih.gov/,links,59.text,Careers
https://www.ncbi.nlm.nih.gov/,https://www.ncbi.nlm.nih.gov/,links,59.url,https://www.nlm.nih.gov/careers/careers.html
https://www.ncbi.nlm.nih.gov/,https://www.ncbi.nlm.nih.gov/,links,59.internal,False
https://www.ncbi.nlm.nih.gov/,https://www.ncbi.nlm.nih.gov/,links,60.text,NLM
https://www.ncbi.nlm.nih.gov/,https://www.ncbi.nlm.nih.gov/,links,60.url,https://www.nlm.nih.gov/
https://www.ncbi.nlm.nih.gov/,https://www.ncbi.nlm.nih.gov/,links,60.internal,False
https://www.ncbi.nlm.nih.gov/,https://www.ncbi.nlm.nih.gov/,links,61.text,NIH
https://www.ncbi.nlm.nih.gov/,https://www.ncbi.nlm.nih.gov/,links,61.url,https://www.nih.gov/
https://www.ncbi.nlm.nih.gov/,https://www.ncbi.nlm.nih.gov/,links,61.internal,False
https://www.ncbi.nlm.nih.gov/,https://www.ncbi.nlm.nih.gov/,links,62.text,HHS
https://www.ncbi.nlm.nih.gov/,https://www.ncbi.nlm.nih.gov/,links,62.url,https://www.hhs.gov/
https://www.ncbi.nlm.nih.gov/,https://www.ncbi.nlm.nih.gov/,links,62.internal,False
https://www.ncbi.nlm.nih.gov/,https://www.ncbi.nlm.nih.gov/,links,63.text,USA.gov
https://www.ncbi.nlm.nih.gov/,https://www.ncbi.nlm.nih.gov/,links,63.url,https://www.usa.gov/
https://www.ncbi.nlm.nih.gov/,https://www.ncbi.nlm.nih.gov/,links,63.internal,False
https://www.ncbi.nlm.nih.gov/,https://www.ncbi.nlm.nih.gov/,social_links,0,https://twitter.com/ncbi
https://www.ncbi.nlm.nih.gov/,https://www.ncbi.nlm.nih.gov/,social_links,1,https://www.facebook.com/ncbi.nlm
https://www.ncbi.nlm.nih.gov/,https://www.ncbi.nlm.nih.gov/,social_links,2,https://www.linkedin.com/company/ncbinlm
https://www.ncbi.nlm.nih.gov/,https://www.ncbi.nlm.nih.gov/,social_links,3,https://github.com/ncbi
https://www.ncbi.nlm.nih.gov/,https://www.ncbi.nlm.nih.gov/,social_links,4,https://twitter.com/NLM_NIH
https://www.ncbi.nlm.nih.gov/,https://www.ncbi.nlm.nih.gov/,social_links,5,https://www.facebook.com/nationallibraryofmedicine
https://www.ncbi.nlm.nih.gov/,https://www.ncbi.nlm.nih.gov/,social_links,6,https://www.youtube.com/user/NLMNIH
https://www.ncbi.nlm.nih.gov/,https://www.ncbi.nlm.nih.gov/,headings,0.level,h1
https://www.ncbi.nlm.nih.gov/,https://www.ncbi.nlm.nih.gov/,headings,0.text,NCBI
https://www.ncbi.nlm.nih.gov/,https://www.ncbi.nlm.nih.gov/,headings,1.level,h1
https://www.ncbi.nlm.nih.gov/,https://www.ncbi.nlm.nih.gov/,headings,1.text,Welcome to NCBI
https://www.ncbi.nlm.nih.gov/,https://www.ncbi.nlm.nih.gov/,headings,2.level,h2
https://www.ncbi.nlm.nih.gov/,https://www.ncbi.nlm.nih.gov/,headings,2.text,"National Center for Biotechnology
                                Information"
https://www.ncbi.nlm.nih.gov/,https://www.ncbi.nlm.nih.gov/,headings,3.level,h2
https://www.ncbi.nlm.nih.gov/,https://www.ncbi.nlm.nih.gov/,headings,3.text,Submit
https://www.ncbi.nlm.nih.gov/,https://www.ncbi.nlm.nih.gov/,headings,4.level,h2
https://www.ncbi.nlm.nih.gov/,https://www.ncbi.nlm.nih.gov/,headings,4.text,Download
https://www.ncbi.nlm.nih.gov/,https://www.ncbi.nlm.nih.gov/,headings,5.level,h2
https://www.ncbi.nlm.nih.gov/,https://www.ncbi.nlm.nih.gov/,headings,5.text,Learn
https://www.ncbi.nlm.nih.gov/,https://www.ncbi.nlm.nih.gov/,headings,6.level,h2
https://www.ncbi.nlm.nih.gov/,https://www.ncbi.nlm.nih.gov/,headings,6.text,Develop
https://www.ncbi.nlm.nih.gov/,https://www.ncbi.nlm.nih.gov/,headings,7.level,h2
https://www.ncbi.nlm.nih.gov/,https://www.ncbi.nlm.nih.gov/,headings,7.text,Analyze
https://www.ncbi.nlm.nih.gov/,https://www.ncbi.nlm.nih.gov/,headings,8.level,h2
https://www.ncbi.nlm.nih.gov/,https://www.ncbi.nlm.nih.gov/,headings,8.text,Research
https://www.ncbi.nlm.nih.gov/,https://www.ncbi.nlm.nih.gov/,headings,9.level,h3
https://www.ncbi.nlm.nih.gov/,https://www.ncbi.nlm.nih.gov/,headings,9.text,Popular Resources
https://www.ncbi.nlm.nih.gov/,https://www.ncbi.nlm.nih.gov/,headings,10.level,h4
https://www.ncbi.nlm.nih.gov/,https://www.ncbi.nlm.nih.gov/,headings,10.text,Account
